province,year,months_before,cpi_category,cpi_yoy_avg,quarters_before,naics,vacancy_rate_avg,turnout,rejected_rate,valid_rate,electors,total_ballots_cast,valid_ballots,rejected_ballots

Alberta,2019,3,All-items,143.300000,1,"Total, all industries",2.200000,0.69245861,0.00526270,0.99473730,3023980,2093981,2082961,11020

Alberta,2019,3,All-items,143.300000,2,"Total, all industries",2.400000,0.69245861,0.00526270,0.99473730,3023980,2093981,2082961,11020

Alberta,2019,3,All-items,143.300000,4,"Total, all industries",2.575000,0.69245861,0.00526270,0.99473730,3023980,2093981,2082961,11020

Alberta,2019,3,Food,150.133333,1,"Total, all industries",2.200000,0.69245861,0.00526270,0.99473730,3023980,2093981,2082961,11020

Alberta,2019,3,Food,150.133333,2,"Total, all industries",2.400000,0.69245861,0.00526270,0.99473730,3023980,2093981,2082961,11020

Alberta,2019,3,Food,150.133333,4,"Total, all industries",2.575000,0.69245861,0.00526270,0.99473730,3023980,2093981,2082961,11020

Alberta,2019,6,All-items,143.366667,1,"Total, all industries",2.200000,0.69245861,0.00526270,0.99473730,3023980,2093981,2082961,11020

Alberta,2019,6,All-items,143.366667,2,"Total, all industries",2.400000,0.69245861,0.00526270,0.99473730,3023980,2093981,2082961,11020

Alberta,2019,6,All-items,143.366667,4,"Total, all industries",2.575000,0.69245861,0.00526270,0.99473730,3023980,2093981,2082961,11020

Alberta,2019,6,Food,149.833333,1,"Total, all industries",2.200000,0.69245861,0.00526270,0.99473730,3023980,2093981,2082961,11020

Alberta,2019,6,Food,149.833333,2,"Total, all industries",2.400000,0.69245861,0.00526270,0.99473730,3023980,2093981,2082961,11020

Alberta,2019,6,Food,149.833333,4,"Total, all industries",2.575000,0.69245861,0.00526270,0.99473730,3023980,2093981,2082961,11020

Alberta,2019,12,All-items,142.558333,1,"Total, all industries",2.200000,0.69245861,0.00526270,0.99473730,3023980,2093981,2082961,11020

Alberta,2019,12,All-items,142.558333,2,"Total, all industries",2.400000,0.69245861,0.00526270,0.99473730,3023980,2093981,2082961,11020

Alberta,2019,12,All-items,142.558333,4,"Total, all industries",2.575000,0.69245861,0.00526270,0.99473730,3023980,2093981,2082961,11020

Alberta,2019,12,Food,148.358333,1,"Total, all industries",2.200000,0.69245861,0.00526270,0.99473730,3023980,2093981,2082961,11020

Alberta,2019,12,Food,148.358333,2,"Total, all industries",2.400000,0.69245861,0.00526270,0.99473730,3023980,2093981,2082961,11020

Alberta,2019,12,Food,148.358333,4,"Total, all industries",2.575000,0.69245861,0.00526270,0.99473730,3023980,2093981,2082961,11020

Alberta,2019,24,All-items,141.379167,1,"Total, all industries",2.200000,0.69245861,0.00526270,0.99473730,3023980,2093981,2082961,11020

Alberta,2019,24,All-items,141.379167,2,"Total, all industries",2.400000,0.69245861,0.00526270,0.99473730,3023980,2093981,2082961,11020

Alberta,2019,24,All-items,141.379167,4,"Total, all industries",2.575000,0.69245861,0.00526270,0.99473730,3023980,2093981,2082961,11020

Alberta,2019,24,Food,145.883333,1,"Total, all industries",2.200000,0.69245861,0.00526270,0.99473730,3023980,2093981,2082961,11020

Alberta,2019,24,Food,145.883333,2,"Total, all industries",2.400000,0.69245861,0.00526270,0.99473730,3023980,2093981,2082961,11020

Alberta,2019,24,Food,145.883333,4,"Total, all industries",2.575000,0.69245861,0.00526270,0.99473730,3023980,2093981,2082961,11020

Alberta,2021,3,All-items,150.700000,1,"Total, all industries",4.400000,0.64445762,0.00604683,0.99395317,3033419,1954910,1943089,11821

Alberta,2021,3,All-items,150.700000,2,"Total, all industries",4.050000,0.64445762,0.00604683,0.99395317,3033419,1954910,1943089,11821

Alberta,2021,3,All-items,150.700000,4,"Total, all industries",3.325000,0.64445762,0.00604683,0.99395317,3033419,1954910,1943089,11821

Alberta,2021,3,Food,157.900000,1,"Total, all industries",4.400000,0.64445762,0.00604683,0.99395317,3033419,1954910,1943089,11821

Alberta,2021,3,Food,157.900000,2,"Total, all industries",4.050000,0.64445762,0.00604683,0.99395317,3033419,1954910,1943089,11821

Alberta,2021,3,Food,157.900000,4,"Total, all industries",3.325000,0.64445762,0.00604683,0.99395317,3033419,1954910,1943089,11821

Alberta,2021,6,All-items,149.550000,1,"Total, all industries",4.400000,0.64445762,0.00604683,0.99395317,3033419,1954910,1943089,11821

Alberta,2021,6,All-items,149.550000,2,"Total, all industries",4.050000,0.64445762,0.00604683,0.99395317,3033419,1954910,1943089,11821

Alberta,2021,6,All-items,149.550000,4,"Total, all industries",3.325000,0.64445762,0.00604683,0.99395317,3033419,1954910,1943089,11821

Alberta,2021,6,Food,157.333333,1,"Total, all industries",4.400000,0.64445762,0.00604683,0.99395317,3033419,1954910,1943089,11821

Alberta,2021,6,Food,157.333333,2,"Total, all industries",4.050000,0.64445762,0.00604683,0.99395317,3033419,1954910,1943089,11821

Alberta,2021,6,Food,157.333333,4,"Total, all industries",3.325000,0.64445762,0.00604683,0.99395317,3033419,1954910,1943089,11821

Alberta,2021,12,All-items,147.650000,1,"Total, all industries",4.400000,0.64445762,0.00604683,0.99395317,3033419,1954910,1943089,11821

Alberta,2021,12,All-items,147.650000,2,"Total, all industries",4.050000,0.64445762,0.00604683,0.99395317,3033419,1954910,1943089,11821

Alberta,2021,12,All-items,147.650000,4,"Total, all industries",3.325000,0.64445762,0.00604683,0.99395317,3033419,1954910,1943089,11821

Alberta,2021,12,Food,155.658333,1,"Total, all industries",4.400000,0.64445762,0.00604683,0.99395317,3033419,1954910,1943089,11821

Alberta,2021,12,Food,155.658333,2,"Total, all industries",4.050000,0.64445762,0.00604683,0.99395317,3033419,1954910,1943089,11821

Alberta,2021,12,Food,155.658333,4,"Total, all industries",3.325000,0.64445762,0.00604683,0.99395317,3033419,1954910,1943089,11821

Alberta,2021,24,All-items,145.966667,1,"Total, all industries",4.400000,0.64445762,0.00604683,0.99395317,3033419,1954910,1943089,11821

Alberta,2021,24,All-items,145.966667,2,"Total, all industries",4.050000,0.64445762,0.00604683,0.99395317,3033419,1954910,1943089,11821

Alberta,2021,24,All-items,145.966667,4,"Total, all industries",3.325000,0.64445762,0.00604683,0.99395317,3033419,1954910,1943089,11821

Alberta,2021,24,Food,154.108333,1,"Total, all industries",4.400000,0.64445762,0.00604683,0.99395317,3033419,1954910,1943089,11821

Alberta,2021,24,Food,154.108333,2,"Total, all industries",4.050000,0.64445762,0.00604683,0.99395317,3033419,1954910,1943089,11821

Alberta,2021,24,Food,154.108333,4,"Total, all industries",3.325000,0.64445762,0.00604683,0.99395317,3033419,1954910,1943089,11821

British Columbia,2019,3,All-items,132.133333,1,"Total, all industries",3.800000,0.65981427,0.00629538,0.99370462,3641258,2402554,2387429,15125

British Columbia,2019,3,All-items,132.133333,2,"Total, all industries",4.150000,0.65981427,0.00629538,0.99370462,3641258,2402554,2387429,15125

British Columbia,2019,3,All-items,132.133333,4,"Total, all industries",4.325000,0.65981427,0.00629538,0.99370462,3641258,2402554,2387429,15125

British Columbia,2019,3,Food,146.766667,1,"Total, all industries",3.800000,0.65981427,0.00629538,0.99370462,3641258,2402554,2387429,15125

British Columbia,2019,3,Food,146.766667,2,"Total, all industries",4.150000,0.65981427,0.00629538,0.99370462,3641258,2402554,2387429,15125

British Columbia,2019,3,Food,146.766667,4,"Total, all industries",4.325000,0.65981427,0.00629538,0.99370462,3641258,2402554,2387429,15125

British Columbia,2019,6,All-items,132.083333,1,"Total, all industries",3.800000,0.65981427,0.00629538,0.99370462,3641258,2402554,2387429,15125

British Columbia,2019,6,All-items,132.083333,2,"Total, all industries",4.150000,0.65981427,0.00629538,0.99370462,3641258,2402554,2387429,15125

British Columbia,2019,6,All-items,132.083333,4,"Total, all industries",4.325000,0.65981427,0.00629538,0.99370462,3641258,2402554,2387429,15125

British Columbia,2019,6,Food,146.033333,1,"Total, all industries",3.800000,0.65981427,0.00629538,0.99370462,3641258,2402554,2387429,15125

British Columbia,2019,6,Food,146.033333,2,"Total, all industries",4.150000,0.65981427,0.00629538,0.99370462,3641258,2402554,2387429,15125

British Columbia,2019,6,Food,146.033333,4,"Total, all industries",4.325000,0.65981427,0.00629538,0.99370462,3641258,2402554,2387429,15125

British Columbia,2019,12,All-items,130.933333,1,"Total, all industries",3.800000,0.65981427,0.00629538,0.99370462,3641258,2402554,2387429,15125

British Columbia,2019,12,All-items,130.933333,2,"Total, all industries",4.150000,0.65981427,0.00629538,0.99370462,3641258,2402554,2387429,15125

British Columbia,2019,12,All-items,130.933333,4,"Total, all industries",4.325000,0.65981427,0.00629538,0.99370462,3641258,2402554,2387429,15125

British Columbia,2019,12,Food,144.541667,1,"Total, all industries",3.800000,0.65981427,0.00629538,0.99370462,3641258,2402554,2387429,15125

British Columbia,2019,12,Food,144.541667,2,"Total, all industries",4.150000,0.65981427,0.00629538,0.99370462,3641258,2402554,2387429,15125

British Columbia,2019,12,Food,144.541667,4,"Total, all industries",4.325000,0.65981427,0.00629538,0.99370462,3641258,2402554,2387429,15125

British Columbia,2019,24,All-items,129.379167,1,"Total, all industries",3.800000,0.65981427,0.00629538,0.99370462,3641258,2402554,2387429,15125

British Columbia,2019,24,All-items,129.379167,2,"Total, all industries",4.150000,0.65981427,0.00629538,0.99370462,3641258,2402554,2387429,15125

British Columbia,2019,24,All-items,129.379167,4,"Total, all industries",4.325000,0.65981427,0.00629538,0.99370462,3641258,2402554,2387429,15125

British Columbia,2019,24,Food,142.029167,1,"Total, all industries",3.800000,0.65981427,0.00629538,0.99370462,3641258,2402554,2387429,15125

British Columbia,2019,24,Food,142.029167,2,"Total, all industries",4.150000,0.65981427,0.00629538,0.99370462,3641258,2402554,2387429,15125

British Columbia,2019,24,Food,142.029167,4,"Total, all industries",4.325000,0.65981427,0.00629538,0.99370462,3641258,2402554,2387429,15125

British Columbia,2021,3,All-items,136.966667,1,"Total, all industries",6.700000,0.61404027,0.00674398,0.99325602,3713048,2279961,2264585,15376

British Columbia,2021,3,All-items,136.966667,2,"Total, all industries",6.050000,0.61404027,0.00674398,0.99325602,3713048,2279961,2264585,15376

British Columbia,2021,3,All-items,136.966667,4,"Total, all industries",5.200000,0.61404027,0.00674398,0.99325602,3713048,2279961,2264585,15376

British Columbia,2021,3,Food,153.433333,1,"Total, all industries",6.700000,0.61404027,0.00674398,0.99325602,3713048,2279961,2264585,15376

British Columbia,2021,3,Food,153.433333,2,"Total, all industries",6.050000,0.61404027,0.00674398,0.99325602,3713048,2279961,2264585,15376

British Columbia,2021,3,Food,153.433333,4,"Total, all industries",5.200000,0.61404027,0.00674398,0.99325602,3713048,2279961,2264585,15376

British Columbia,2021,6,All-items,136.166667,1,"Total, all industries",6.700000,0.61404027,0.00674398,0.99325602,3713048,2279961,2264585,15376

British Columbia,2021,6,All-items,136.166667,2,"Total, all industries",6.050000,0.61404027,0.00674398,0.99325602,3713048,2279961,2264585,15376

British Columbia,2021,6,All-items,136.166667,4,"Total, all industries",5.200000,0.61404027,0.00674398,0.99325602,3713048,2279961,2264585,15376

British Columbia,2021,6,Food,152.683333,1,"Total, all industries",6.700000,0.61404027,0.00674398,0.99325602,3713048,2279961,2264585,15376

British Columbia,2021,6,Food,152.683333,2,"Total, all industries",6.050000,0.61404027,0.00674398,0.99325602,3713048,2279961,2264585,15376

British Columbia,2021,6,Food,152.683333,4,"Total, all industries",5.200000,0.61404027,0.00674398,0.99325602,3713048,2279961,2264585,15376

British Columbia,2021,12,All-items,134.883333,1,"Total, all industries",6.700000,0.61404027,0.00674398,0.99325602,3713048,2279961,2264585,15376

British Columbia,2021,12,All-items,134.883333,2,"Total, all industries",6.050000,0.61404027,0.00674398,0.99325602,3713048,2279961,2264585,15376

British Columbia,2021,12,All-items,134.883333,4,"Total, all industries",5.200000,0.61404027,0.00674398,0.99325602,3713048,2279961,2264585,15376

British Columbia,2021,12,Food,151.558333,1,"Total, all industries",6.700000,0.61404027,0.00674398,0.99325602,3713048,2279961,2264585,15376

British Columbia,2021,12,Food,151.558333,2,"Total, all industries",6.050000,0.61404027,0.00674398,0.99325602,3713048,2279961,2264585,15376

British Columbia,2021,12,Food,151.558333,4,"Total, all industries",5.200000,0.61404027,0.00674398,0.99325602,3713048,2279961,2264585,15376

British Columbia,2021,24,All-items,133.516667,1,"Total, all industries",6.700000,0.61404027,0.00674398,0.99325602,3713048,2279961,2264585,15376

British Columbia,2021,24,All-items,133.516667,2,"Total, all industries",6.050000,0.61404027,0.00674398,0.99325602,3713048,2279961,2264585,15376

British Columbia,2021,24,All-items,133.516667,4,"Total, all industries",5.200000,0.61404027,0.00674398,0.99325602,3713048,2279961,2264585,15376

British Columbia,2021,24,Food,150.208333,1,"Total, all industries",6.700000,0.61404027,0.00674398,0.99325602,3713048,2279961,2264585,15376

British Columbia,2021,24,Food,150.208333,2,"Total, all industries",6.050000,0.61404027,0.00674398,0.99325602,3713048,2279961,2264585,15376

British Columbia,2021,24,Food,150.208333,4,"Total, all industries",5.200000,0.61404027,0.00674398,0.99325602,3713048,2279961,2264585,15376

Manitoba,2019,3,All-items,137.400000,1,"Total, all industries",2.500000,0.64269146,0.00630707,0.99369293,927347,595998,592239,3759

Manitoba,2019,3,All-items,137.400000,2,"Total, all industries",2.550000,0.64269146,0.00630707,0.99369293,927347,595998,592239,3759

Manitoba,2019,3,All-items,137.400000,4,"Total, all industries",2.525000,0.64269146,0.00630707,0.99369293,927347,595998,592239,3759

Manitoba,2019,3,Food,148.333333,1,"Total, all industries",2.500000,0.64269146,0.00630707,0.99369293,927347,595998,592239,3759

Manitoba,2019,3,Food,148.333333,2,"Total, all industries",2.550000,0.64269146,0.00630707,0.99369293,927347,595998,592239,3759

Manitoba,2019,3,Food,148.333333,4,"Total, all industries",2.525000,0.64269146,0.00630707,0.99369293,927347,595998,592239,3759

Manitoba,2019,6,All-items,137.400000,1,"Total, all industries",2.500000,0.64269146,0.00630707,0.99369293,927347,595998,592239,3759

Manitoba,2019,6,All-items,137.400000,2,"Total, all industries",2.550000,0.64269146,0.00630707,0.99369293,927347,595998,592239,3759

Manitoba,2019,6,All-items,137.400000,4,"Total, all industries",2.525000,0.64269146,0.00630707,0.99369293,927347,595998,592239,3759

Manitoba,2019,6,Food,148.266667,1,"Total, all industries",2.500000,0.64269146,0.00630707,0.99369293,927347,595998,592239,3759

Manitoba,2019,6,Food,148.266667,2,"Total, all industries",2.550000,0.64269146,0.00630707,0.99369293,927347,595998,592239,3759

Manitoba,2019,6,Food,148.266667,4,"Total, all industries",2.525000,0.64269146,0.00630707,0.99369293,927347,595998,592239,3759

Manitoba,2019,12,All-items,136.291667,1,"Total, all industries",2.500000,0.64269146,0.00630707,0.99369293,927347,595998,592239,3759

Manitoba,2019,12,All-items,136.291667,2,"Total, all industries",2.550000,0.64269146,0.00630707,0.99369293,927347,595998,592239,3759

Manitoba,2019,12,All-items,136.291667,4,"Total, all industries",2.525000,0.64269146,0.00630707,0.99369293,927347,595998,592239,3759

Manitoba,2019,12,Food,147.516667,1,"Total, all industries",2.500000,0.64269146,0.00630707,0.99369293,927347,595998,592239,3759

Manitoba,2019,12,Food,147.516667,2,"Total, all industries",2.550000,0.64269146,0.00630707,0.99369293,927347,595998,592239,3759

Manitoba,2019,12,Food,147.516667,4,"Total, all industries",2.525000,0.64269146,0.00630707,0.99369293,927347,595998,592239,3759

Manitoba,2019,24,All-items,134.829167,1,"Total, all industries",2.500000,0.64269146,0.00630707,0.99369293,927347,595998,592239,3759

Manitoba,2019,24,All-items,134.829167,2,"Total, all industries",2.550000,0.64269146,0.00630707,0.99369293,927347,595998,592239,3759

Manitoba,2019,24,All-items,134.829167,4,"Total, all industries",2.525000,0.64269146,0.00630707,0.99369293,927347,595998,592239,3759

Manitoba,2019,24,Food,145.337500,1,"Total, all industries",2.500000,0.64269146,0.00630707,0.99369293,927347,595998,592239,3759

Manitoba,2019,24,Food,145.337500,2,"Total, all industries",2.550000,0.64269146,0.00630707,0.99369293,927347,595998,592239,3759

Manitoba,2019,24,Food,145.337500,4,"Total, all industries",2.525000,0.64269146,0.00630707,0.99369293,927347,595998,592239,3759

Manitoba,2021,3,All-items,143.200000,1,"Total, all industries",4.100000,0.61976636,0.00763015,0.99236985,931927,577577,573170,4407

Manitoba,2021,3,All-items,143.200000,2,"Total, all industries",3.900000,0.61976636,0.00763015,0.99236985,931927,577577,573170,4407

Manitoba,2021,3,All-items,143.200000,4,"Total, all industries",3.525000,0.61976636,0.00763015,0.99236985,931927,577577,573170,4407

Manitoba,2021,3,Food,154.033333,1,"Total, all industries",4.100000,0.61976636,0.00763015,0.99236985,931927,577577,573170,4407

Manitoba,2021,3,Food,154.033333,2,"Total, all industries",3.900000,0.61976636,0.00763015,0.99236985,931927,577577,573170,4407

Manitoba,2021,3,Food,154.033333,4,"Total, all industries",3.525000,0.61976636,0.00763015,0.99236985,931927,577577,573170,4407

Manitoba,2021,6,All-items,142.266667,1,"Total, all industries",4.100000,0.61976636,0.00763015,0.99236985,931927,577577,573170,4407

Manitoba,2021,6,All-items,142.266667,2,"Total, all industries",3.900000,0.61976636,0.00763015,0.99236985,931927,577577,573170,4407

Manitoba,2021,6,All-items,142.266667,4,"Total, all industries",3.525000,0.61976636,0.00763015,0.99236985,931927,577577,573170,4407

Manitoba,2021,6,Food,153.316667,1,"Total, all industries",4.100000,0.61976636,0.00763015,0.99236985,931927,577577,573170,4407

Manitoba,2021,6,Food,153.316667,2,"Total, all industries",3.900000,0.61976636,0.00763015,0.99236985,931927,577577,573170,4407

Manitoba,2021,6,Food,153.316667,4,"Total, all industries",3.525000,0.61976636,0.00763015,0.99236985,931927,577577,573170,4407

Manitoba,2021,12,All-items,140.383333,1,"Total, all industries",4.100000,0.61976636,0.00763015,0.99236985,931927,577577,573170,4407

Manitoba,2021,12,All-items,140.383333,2,"Total, all industries",3.900000,0.61976636,0.00763015,0.99236985,931927,577577,573170,4407

Manitoba,2021,12,All-items,140.383333,4,"Total, all industries",3.525000,0.61976636,0.00763015,0.99236985,931927,577577,573170,4407

Manitoba,2021,12,Food,152.566667,1,"Total, all industries",4.100000,0.61976636,0.00763015,0.99236985,931927,577577,573170,4407

Manitoba,2021,12,Food,152.566667,2,"Total, all industries",3.900000,0.61976636,0.00763015,0.99236985,931927,577577,573170,4407

Manitoba,2021,12,Food,152.566667,4,"Total, all industries",3.525000,0.61976636,0.00763015,0.99236985,931927,577577,573170,4407

Manitoba,2021,24,All-items,138.920833,1,"Total, all industries",4.100000,0.61976636,0.00763015,0.99236985,931927,577577,573170,4407

Manitoba,2021,24,All-items,138.920833,2,"Total, all industries",3.900000,0.61976636,0.00763015,0.99236985,931927,577577,573170,4407

Manitoba,2021,24,All-items,138.920833,4,"Total, all industries",3.525000,0.61976636,0.00763015,0.99236985,931927,577577,573170,4407

Manitoba,2021,24,Food,151.412500,1,"Total, all industries",4.100000,0.61976636,0.00763015,0.99236985,931927,577577,573170,4407

Manitoba,2021,24,Food,151.412500,2,"Total, all industries",3.900000,0.61976636,0.00763015,0.99236985,931927,577577,573170,4407

Manitoba,2021,24,Food,151.412500,4,"Total, all industries",3.525000,0.61976636,0.00763015,0.99236985,931927,577577,573170,4407

New Brunswick,2019,3,All-items,136.933333,1,"Total, all industries",2.900000,0.72053368,0.01023054,0.98976946,616704,444356,439810,4546

New Brunswick,2019,3,All-items,136.933333,2,"Total, all industries",3.000000,0.72053368,0.01023054,0.98976946,616704,444356,439810,4546

New Brunswick,2019,3,All-items,136.933333,4,"Total, all industries",2.975000,0.72053368,0.01023054,0.98976946,616704,444356,439810,4546

New Brunswick,2019,3,Food,156.366667,1,"Total, all industries",2.900000,0.72053368,0.01023054,0.98976946,616704,444356,439810,4546

New Brunswick,2019,3,Food,156.366667,2,"Total, all industries",3.000000,0.72053368,0.01023054,0.98976946,616704,444356,439810,4546

New Brunswick,2019,3,Food,156.366667,4,"Total, all industries",2.975000,0.72053368,0.01023054,0.98976946,616704,444356,439810,4546

New Brunswick,2019,6,All-items,136.816667,1,"Total, all industries",2.900000,0.72053368,0.01023054,0.98976946,616704,444356,439810,4546

New Brunswick,2019,6,All-items,136.816667,2,"Total, all industries",3.000000,0.72053368,0.01023054,0.98976946,616704,444356,439810,4546

New Brunswick,2019,6,All-items,136.816667,4,"Total, all industries",2.975000,0.72053368,0.01023054,0.98976946,616704,444356,439810,4546

New Brunswick,2019,6,Food,156.066667,1,"Total, all industries",2.900000,0.72053368,0.01023054,0.98976946,616704,444356,439810,4546

New Brunswick,2019,6,Food,156.066667,2,"Total, all industries",3.000000,0.72053368,0.01023054,0.98976946,616704,444356,439810,4546

New Brunswick,2019,6,Food,156.066667,4,"Total, all industries",2.975000,0.72053368,0.01023054,0.98976946,616704,444356,439810,4546

New Brunswick,2019,12,All-items,135.775000,1,"Total, all industries",2.900000,0.72053368,0.01023054,0.98976946,616704,444356,439810,4546

New Brunswick,2019,12,All-items,135.775000,2,"Total, all industries",3.000000,0.72053368,0.01023054,0.98976946,616704,444356,439810,4546

New Brunswick,2019,12,All-items,135.775000,4,"Total, all industries",2.975000,0.72053368,0.01023054,0.98976946,616704,444356,439810,4546

New Brunswick,2019,12,Food,154.625000,1,"Total, all industries",2.900000,0.72053368,0.01023054,0.98976946,616704,444356,439810,4546

New Brunswick,2019,12,Food,154.625000,2,"Total, all industries",3.000000,0.72053368,0.01023054,0.98976946,616704,444356,439810,4546

New Brunswick,2019,12,Food,154.625000,4,"Total, all industries",2.975000,0.72053368,0.01023054,0.98976946,616704,444356,439810,4546

New Brunswick,2019,24,All-items,134.766667,1,"Total, all industries",2.900000,0.72053368,0.01023054,0.98976946,616704,444356,439810,4546

New Brunswick,2019,24,All-items,134.766667,2,"Total, all industries",3.000000,0.72053368,0.01023054,0.98976946,616704,444356,439810,4546

New Brunswick,2019,24,All-items,134.766667,4,"Total, all industries",2.975000,0.72053368,0.01023054,0.98976946,616704,444356,439810,4546

New Brunswick,2019,24,Food,152.387500,1,"Total, all industries",2.900000,0.72053368,0.01023054,0.98976946,616704,444356,439810,4546

New Brunswick,2019,24,Food,152.387500,2,"Total, all industries",3.000000,0.72053368,0.01023054,0.98976946,616704,444356,439810,4546

New Brunswick,2019,24,Food,152.387500,4,"Total, all industries",2.975000,0.72053368,0.01023054,0.98976946,616704,444356,439810,4546

New Brunswick,2021,3,All-items,142.933333,1,"Total, all industries",4.600000,0.64352766,0.00773258,0.99226742,622974,400901,397801,3100

New Brunswick,2021,3,All-items,142.933333,2,"Total, all industries",4.600000,0.64352766,0.00773258,0.99226742,622974,400901,397801,3100

New Brunswick,2021,3,All-items,142.933333,4,"Total, all industries",4.075000,0.64352766,0.00773258,0.99226742,622974,400901,397801,3100

New Brunswick,2021,3,Food,166.400000,1,"Total, all industries",4.600000,0.64352766,0.00773258,0.99226742,622974,400901,397801,3100

New Brunswick,2021,3,Food,166.400000,2,"Total, all industries",4.600000,0.64352766,0.00773258,0.99226742,622974,400901,397801,3100

New Brunswick,2021,3,Food,166.400000,4,"Total, all industries",4.075000,0.64352766,0.00773258,0.99226742,622974,400901,397801,3100

New Brunswick,2021,6,All-items,142.000000,1,"Total, all industries",4.600000,0.64352766,0.00773258,0.99226742,622974,400901,397801,3100

New Brunswick,2021,6,All-items,142.000000,2,"Total, all industries",4.600000,0.64352766,0.00773258,0.99226742,622974,400901,397801,3100

New Brunswick,2021,6,All-items,142.000000,4,"Total, all industries",4.075000,0.64352766,0.00773258,0.99226742,622974,400901,397801,3100

New Brunswick,2021,6,Food,164.916667,1,"Total, all industries",4.600000,0.64352766,0.00773258,0.99226742,622974,400901,397801,3100

New Brunswick,2021,6,Food,164.916667,2,"Total, all industries",4.600000,0.64352766,0.00773258,0.99226742,622974,400901,397801,3100

New Brunswick,2021,6,Food,164.916667,4,"Total, all industries",4.075000,0.64352766,0.00773258,0.99226742,622974,400901,397801,3100

New Brunswick,2021,12,All-items,139.900000,1,"Total, all industries",4.600000,0.64352766,0.00773258,0.99226742,622974,400901,397801,3100

New Brunswick,2021,12,All-items,139.900000,2,"Total, all industries",4.600000,0.64352766,0.00773258,0.99226742,622974,400901,397801,3100

New Brunswick,2021,12,All-items,139.900000,4,"Total, all industries",4.075000,0.64352766,0.00773258,0.99226742,622974,400901,397801,3100

New Brunswick,2021,12,Food,162.833333,1,"Total, all industries",4.600000,0.64352766,0.00773258,0.99226742,622974,400901,397801,3100

New Brunswick,2021,12,Food,162.833333,2,"Total, all industries",4.600000,0.64352766,0.00773258,0.99226742,622974,400901,397801,3100

New Brunswick,2021,12,Food,162.833333,4,"Total, all industries",4.075000,0.64352766,0.00773258,0.99226742,622974,400901,397801,3100

New Brunswick,2021,24,All-items,138.233333,1,"Total, all industries",4.600000,0.64352766,0.00773258,0.99226742,622974,400901,397801,3100

New Brunswick,2021,24,All-items,138.233333,2,"Total, all industries",4.600000,0.64352766,0.00773258,0.99226742,622974,400901,397801,3100

New Brunswick,2021,24,All-items,138.233333,4,"Total, all industries",4.075000,0.64352766,0.00773258,0.99226742,622974,400901,397801,3100

New Brunswick,2021,24,Food,160.825000,1,"Total, all industries",4.600000,0.64352766,0.00773258,0.99226742,622974,400901,397801,3100

New Brunswick,2021,24,Food,160.825000,2,"Total, all industries",4.600000,0.64352766,0.00773258,0.99226742,622974,400901,397801,3100

New Brunswick,2021,24,Food,160.825000,4,"Total, all industries",4.075000,0.64352766,0.00773258,0.99226742,622974,400901,397801,3100

Newfoundland and Labrador,2019,3,All-items,139.533333,1,"Total, all industries",2.300000,0.58773719,0.01462601,0.98537399,420067,246889,243278,3611

Newfoundland and Labrador,2019,3,All-items,139.533333,2,"Total, all industries",2.250000,0.58773719,0.01462601,0.98537399,420067,246889,243278,3611

Newfoundland and Labrador,2019,3,All-items,139.533333,4,"Total, all industries",2.175000,0.58773719,0.01462601,0.98537399,420067,246889,243278,3611

Newfoundland and Labrador,2019,3,Food,149.166667,1,"Total, all industries",2.300000,0.58773719,0.01462601,0.98537399,420067,246889,243278,3611

Newfoundland and Labrador,2019,3,Food,149.166667,2,"Total, all industries",2.250000,0.58773719,0.01462601,0.98537399,420067,246889,243278,3611

Newfoundland and Labrador,2019,3,Food,149.166667,4,"Total, all industries",2.175000,0.58773719,0.01462601,0.98537399,420067,246889,243278,3611

Newfoundland and Labrador,2019,6,All-items,139.683333,1,"Total, all industries",2.300000,0.58773719,0.01462601,0.98537399,420067,246889,243278,3611

Newfoundland and Labrador,2019,6,All-items,139.683333,2,"Total, all industries",2.250000,0.58773719,0.01462601,0.98537399,420067,246889,243278,3611

Newfoundland and Labrador,2019,6,All-items,139.683333,4,"Total, all industries",2.175000,0.58773719,0.01462601,0.98537399,420067,246889,243278,3611

Newfoundland and Labrador,2019,6,Food,149.016667,1,"Total, all industries",2.300000,0.58773719,0.01462601,0.98537399,420067,246889,243278,3611

Newfoundland and Labrador,2019,6,Food,149.016667,2,"Total, all industries",2.250000,0.58773719,0.01462601,0.98537399,420067,246889,243278,3611

Newfoundland and Labrador,2019,6,Food,149.016667,4,"Total, all industries",2.175000,0.58773719,0.01462601,0.98537399,420067,246889,243278,3611

Newfoundland and Labrador,2019,12,All-items,138.883333,1,"Total, all industries",2.300000,0.58773719,0.01462601,0.98537399,420067,246889,243278,3611

Newfoundland and Labrador,2019,12,All-items,138.883333,2,"Total, all industries",2.250000,0.58773719,0.01462601,0.98537399,420067,246889,243278,3611

Newfoundland and Labrador,2019,12,All-items,138.883333,4,"Total, all industries",2.175000,0.58773719,0.01462601,0.98537399,420067,246889,243278,3611

Newfoundland and Labrador,2019,12,Food,147.608333,1,"Total, all industries",2.300000,0.58773719,0.01462601,0.98537399,420067,246889,243278,3611

Newfoundland and Labrador,2019,12,Food,147.608333,2,"Total, all industries",2.250000,0.58773719,0.01462601,0.98537399,420067,246889,243278,3611

Newfoundland and Labrador,2019,12,Food,147.608333,4,"Total, all industries",2.175000,0.58773719,0.01462601,0.98537399,420067,246889,243278,3611

Newfoundland and Labrador,2019,24,All-items,138.333333,1,"Total, all industries",2.300000,0.58773719,0.01462601,0.98537399,420067,246889,243278,3611

Newfoundland and Labrador,2019,24,All-items,138.333333,2,"Total, all industries",2.250000,0.58773719,0.01462601,0.98537399,420067,246889,243278,3611

Newfoundland and Labrador,2019,24,All-items,138.333333,4,"Total, all industries",2.175000,0.58773719,0.01462601,0.98537399,420067,246889,243278,3611

Newfoundland and Labrador,2019,24,Food,146.558333,1,"Total, all industries",2.300000,0.58773719,0.01462601,0.98537399,420067,246889,243278,3611

Newfoundland and Labrador,2019,24,Food,146.558333,2,"Total, all industries",2.250000,0.58773719,0.01462601,0.98537399,420067,246889,243278,3611

Newfoundland and Labrador,2019,24,Food,146.558333,4,"Total, all industries",2.175000,0.58773719,0.01462601,0.98537399,420067,246889,243278,3611

Newfoundland and Labrador,2021,3,All-items,145.733333,1,"Total, all industries",3.400000,0.52754013,0.01230561,0.98769439,418226,220631,217916,2715

Newfoundland and Labrador,2021,3,All-items,145.733333,2,"Total, all industries",3.500000,0.52754013,0.01230561,0.98769439,418226,220631,217916,2715

Newfoundland and Labrador,2021,3,All-items,145.733333,4,"Total, all industries",2.900000,0.52754013,0.01230561,0.98769439,418226,220631,217916,2715

Newfoundland and Labrador,2021,3,Food,155.900000,1,"Total, all industries",3.400000,0.52754013,0.01230561,0.98769439,418226,220631,217916,2715

Newfoundland and Labrador,2021,3,Food,155.900000,2,"Total, all industries",3.500000,0.52754013,0.01230561,0.98769439,418226,220631,217916,2715

Newfoundland and Labrador,2021,3,Food,155.900000,4,"Total, all industries",2.900000,0.52754013,0.01230561,0.98769439,418226,220631,217916,2715

Newfoundland and Labrador,2021,6,All-items,144.900000,1,"Total, all industries",3.400000,0.52754013,0.01230561,0.98769439,418226,220631,217916,2715

Newfoundland and Labrador,2021,6,All-items,144.900000,2,"Total, all industries",3.500000,0.52754013,0.01230561,0.98769439,418226,220631,217916,2715

Newfoundland and Labrador,2021,6,All-items,144.900000,4,"Total, all industries",2.900000,0.52754013,0.01230561,0.98769439,418226,220631,217916,2715

Newfoundland and Labrador,2021,6,Food,154.700000,1,"Total, all industries",3.400000,0.52754013,0.01230561,0.98769439,418226,220631,217916,2715

Newfoundland and Labrador,2021,6,Food,154.700000,2,"Total, all industries",3.500000,0.52754013,0.01230561,0.98769439,418226,220631,217916,2715

Newfoundland and Labrador,2021,6,Food,154.700000,4,"Total, all industries",2.900000,0.52754013,0.01230561,0.98769439,418226,220631,217916,2715

Newfoundland and Labrador,2021,12,All-items,143.191667,1,"Total, all industries",3.400000,0.52754013,0.01230561,0.98769439,418226,220631,217916,2715

Newfoundland and Labrador,2021,12,All-items,143.191667,2,"Total, all industries",3.500000,0.52754013,0.01230561,0.98769439,418226,220631,217916,2715

Newfoundland and Labrador,2021,12,All-items,143.191667,4,"Total, all industries",2.900000,0.52754013,0.01230561,0.98769439,418226,220631,217916,2715

Newfoundland and Labrador,2021,12,Food,152.841667,1,"Total, all industries",3.400000,0.52754013,0.01230561,0.98769439,418226,220631,217916,2715

Newfoundland and Labrador,2021,12,Food,152.841667,2,"Total, all industries",3.500000,0.52754013,0.01230561,0.98769439,418226,220631,217916,2715

Newfoundland and Labrador,2021,12,Food,152.841667,4,"Total, all industries",2.900000,0.52754013,0.01230561,0.98769439,418226,220631,217916,2715

Newfoundland and Labrador,2021,24,All-items,141.266667,1,"Total, all industries",3.400000,0.52754013,0.01230561,0.98769439,418226,220631,217916,2715

Newfoundland and Labrador,2021,24,All-items,141.266667,2,"Total, all industries",3.500000,0.52754013,0.01230561,0.98769439,418226,220631,217916,2715

Newfoundland and Labrador,2021,24,All-items,141.266667,4,"Total, all industries",2.900000,0.52754013,0.01230561,0.98769439,418226,220631,217916,2715

Newfoundland and Labrador,2021,24,Food,151.537500,1,"Total, all industries",3.400000,0.52754013,0.01230561,0.98769439,418226,220631,217916,2715

Newfoundland and Labrador,2021,24,Food,151.537500,2,"Total, all industries",3.500000,0.52754013,0.01230561,0.98769439,418226,220631,217916,2715

Newfoundland and Labrador,2021,24,Food,151.537500,4,"Total, all industries",2.900000,0.52754013,0.01230561,0.98769439,418226,220631,217916,2715

Nova Scotia,2019,3,All-items,138.266667,1,"Total, all industries",2.800000,0.69837998,0.00893941,0.99106059,771411,538738,533922,4816

Nova Scotia,2019,3,All-items,138.266667,2,"Total, all industries",3.000000,0.69837998,0.00893941,0.99106059,771411,538738,533922,4816

Nova Scotia,2019,3,All-items,138.266667,4,"Total, all industries",2.900000,0.69837998,0.00893941,0.99106059,771411,538738,533922,4816

Nova Scotia,2019,3,Food,154.000000,1,"Total, all industries",2.800000,0.69837998,0.00893941,0.99106059,771411,538738,533922,4816

Nova Scotia,2019,3,Food,154.000000,2,"Total, all industries",3.000000,0.69837998,0.00893941,0.99106059,771411,538738,533922,4816

Nova Scotia,2019,3,Food,154.000000,4,"Total, all industries",2.900000,0.69837998,0.00893941,0.99106059,771411,538738,533922,4816

Nova Scotia,2019,6,All-items,138.083333,1,"Total, all industries",2.800000,0.69837998,0.00893941,0.99106059,771411,538738,533922,4816

Nova Scotia,2019,6,All-items,138.083333,2,"Total, all industries",3.000000,0.69837998,0.00893941,0.99106059,771411,538738,533922,4816

Nova Scotia,2019,6,All-items,138.083333,4,"Total, all industries",2.900000,0.69837998,0.00893941,0.99106059,771411,538738,533922,4816

Nova Scotia,2019,6,Food,153.466667,1,"Total, all industries",2.800000,0.69837998,0.00893941,0.99106059,771411,538738,533922,4816

Nova Scotia,2019,6,Food,153.466667,2,"Total, all industries",3.000000,0.69837998,0.00893941,0.99106059,771411,538738,533922,4816

Nova Scotia,2019,6,Food,153.466667,4,"Total, all industries",2.900000,0.69837998,0.00893941,0.99106059,771411,538738,533922,4816

Nova Scotia,2019,12,All-items,136.991667,1,"Total, all industries",2.800000,0.69837998,0.00893941,0.99106059,771411,538738,533922,4816

Nova Scotia,2019,12,All-items,136.991667,2,"Total, all industries",3.000000,0.69837998,0.00893941,0.99106059,771411,538738,533922,4816

Nova Scotia,2019,12,All-items,136.991667,4,"Total, all industries",2.900000,0.69837998,0.00893941,0.99106059,771411,538738,533922,4816

Nova Scotia,2019,12,Food,152.100000,1,"Total, all industries",2.800000,0.69837998,0.00893941,0.99106059,771411,538738,533922,4816

Nova Scotia,2019,12,Food,152.100000,2,"Total, all industries",3.000000,0.69837998,0.00893941,0.99106059,771411,538738,533922,4816

Nova Scotia,2019,12,Food,152.100000,4,"Total, all industries",2.900000,0.69837998,0.00893941,0.99106059,771411,538738,533922,4816

Nova Scotia,2019,24,All-items,135.970833,1,"Total, all industries",2.800000,0.69837998,0.00893941,0.99106059,771411,538738,533922,4816

Nova Scotia,2019,24,All-items,135.970833,2,"Total, all industries",3.000000,0.69837998,0.00893941,0.99106059,771411,538738,533922,4816

Nova Scotia,2019,24,All-items,135.970833,4,"Total, all industries",2.900000,0.69837998,0.00893941,0.99106059,771411,538738,533922,4816

Nova Scotia,2019,24,Food,150.404167,1,"Total, all industries",2.800000,0.69837998,0.00893941,0.99106059,771411,538738,533922,4816

Nova Scotia,2019,24,Food,150.404167,2,"Total, all industries",3.000000,0.69837998,0.00893941,0.99106059,771411,538738,533922,4816

Nova Scotia,2019,24,Food,150.404167,4,"Total, all industries",2.900000,0.69837998,0.00893941,0.99106059,771411,538738,533922,4816

Nova Scotia,2021,3,All-items,144.433333,1,"Total, all industries",4.300000,0.63232839,0.00777895,0.99222105,779247,492740,488907,3833

Nova Scotia,2021,3,All-items,144.433333,2,"Total, all industries",4.050000,0.63232839,0.00777895,0.99222105,779247,492740,488907,3833

Nova Scotia,2021,3,All-items,144.433333,4,"Total, all industries",3.650000,0.63232839,0.00777895,0.99222105,779247,492740,488907,3833

Nova Scotia,2021,3,Food,162.066667,1,"Total, all industries",4.300000,0.63232839,0.00777895,0.99222105,779247,492740,488907,3833

Nova Scotia,2021,3,Food,162.066667,2,"Total, all industries",4.050000,0.63232839,0.00777895,0.99222105,779247,492740,488907,3833

Nova Scotia,2021,3,Food,162.066667,4,"Total, all industries",3.650000,0.63232839,0.00777895,0.99222105,779247,492740,488907,3833

Nova Scotia,2021,6,All-items,143.650000,1,"Total, all industries",4.300000,0.63232839,0.00777895,0.99222105,779247,492740,488907,3833

Nova Scotia,2021,6,All-items,143.650000,2,"Total, all industries",4.050000,0.63232839,0.00777895,0.99222105,779247,492740,488907,3833

Nova Scotia,2021,6,All-items,143.650000,4,"Total, all industries",3.650000,0.63232839,0.00777895,0.99222105,779247,492740,488907,3833

Nova Scotia,2021,6,Food,160.833333,1,"Total, all industries",4.300000,0.63232839,0.00777895,0.99222105,779247,492740,488907,3833

Nova Scotia,2021,6,Food,160.833333,2,"Total, all industries",4.050000,0.63232839,0.00777895,0.99222105,779247,492740,488907,3833

Nova Scotia,2021,6,Food,160.833333,4,"Total, all industries",3.650000,0.63232839,0.00777895,0.99222105,779247,492740,488907,3833

Nova Scotia,2021,12,All-items,141.716667,1,"Total, all industries",4.300000,0.63232839,0.00777895,0.99222105,779247,492740,488907,3833

Nova Scotia,2021,12,All-items,141.716667,2,"Total, all industries",4.050000,0.63232839,0.00777895,0.99222105,779247,492740,488907,3833

Nova Scotia,2021,12,All-items,141.716667,4,"Total, all industries",3.650000,0.63232839,0.00777895,0.99222105,779247,492740,488907,3833

Nova Scotia,2021,12,Food,159.191667,1,"Total, all industries",4.300000,0.63232839,0.00777895,0.99222105,779247,492740,488907,3833

Nova Scotia,2021,12,Food,159.191667,2,"Total, all industries",4.050000,0.63232839,0.00777895,0.99222105,779247,492740,488907,3833

Nova Scotia,2021,12,Food,159.191667,4,"Total, all industries",3.650000,0.63232839,0.00777895,0.99222105,779247,492740,488907,3833

Nova Scotia,2021,24,All-items,139.750000,1,"Total, all industries",4.300000,0.63232839,0.00777895,0.99222105,779247,492740,488907,3833

Nova Scotia,2021,24,All-items,139.750000,2,"Total, all industries",4.050000,0.63232839,0.00777895,0.99222105,779247,492740,488907,3833

Nova Scotia,2021,24,All-items,139.750000,4,"Total, all industries",3.650000,0.63232839,0.00777895,0.99222105,779247,492740,488907,3833

Nova Scotia,2021,24,Food,157.845833,1,"Total, all industries",4.300000,0.63232839,0.00777895,0.99222105,779247,492740,488907,3833

Nova Scotia,2021,24,Food,157.845833,2,"Total, all industries",4.050000,0.63232839,0.00777895,0.99222105,779247,492740,488907,3833

Nova Scotia,2021,24,Food,157.845833,4,"Total, all industries",3.650000,0.63232839,0.00777895,0.99222105,779247,492740,488907,3833

Ontario,2019,3,All-items,137.966667,1,"Total, all industries",2.900000,0.66267926,0.00800109,0.99199891,10484419,6947807,6892217,55590

Ontario,2019,3,All-items,137.966667,2,"Total, all industries",3.050000,0.66267926,0.00800109,0.99199891,10484419,6947807,6892217,55590

Ontario,2019,3,All-items,137.966667,4,"Total, all industries",3.100000,0.66267926,0.00800109,0.99199891,10484419,6947807,6892217,55590

Ontario,2019,3,Food,152.200000,1,"Total, all industries",2.900000,0.66267926,0.00800109,0.99199891,10484419,6947807,6892217,55590

Ontario,2019,3,Food,152.200000,2,"Total, all industries",3.050000,0.66267926,0.00800109,0.99199891,10484419,6947807,6892217,55590

Ontario,2019,3,Food,152.200000,4,"Total, all industries",3.100000,0.66267926,0.00800109,0.99199891,10484419,6947807,6892217,55590

Ontario,2019,6,All-items,138.133333,1,"Total, all industries",2.900000,0.66267926,0.00800109,0.99199891,10484419,6947807,6892217,55590

Ontario,2019,6,All-items,138.133333,2,"Total, all industries",3.050000,0.66267926,0.00800109,0.99199891,10484419,6947807,6892217,55590

Ontario,2019,6,All-items,138.133333,4,"Total, all industries",3.100000,0.66267926,0.00800109,0.99199891,10484419,6947807,6892217,55590

Ontario,2019,6,Food,152.800000,1,"Total, all industries",2.900000,0.66267926,0.00800109,0.99199891,10484419,6947807,6892217,55590

Ontario,2019,6,Food,152.800000,2,"Total, all industries",3.050000,0.66267926,0.00800109,0.99199891,10484419,6947807,6892217,55590

Ontario,2019,6,Food,152.800000,4,"Total, all industries",3.100000,0.66267926,0.00800109,0.99199891,10484419,6947807,6892217,55590

Ontario,2019,12,All-items,137.041667,1,"Total, all industries",2.900000,0.66267926,0.00800109,0.99199891,10484419,6947807,6892217,55590

Ontario,2019,12,All-items,137.041667,2,"Total, all industries",3.050000,0.66267926,0.00800109,0.99199891,10484419,6947807,6892217,55590

Ontario,2019,12,All-items,137.041667,4,"Total, all industries",3.100000,0.66267926,0.00800109,0.99199891,10484419,6947807,6892217,55590

Ontario,2019,12,Food,151.850000,1,"Total, all industries",2.900000,0.66267926,0.00800109,0.99199891,10484419,6947807,6892217,55590

Ontario,2019,12,Food,151.850000,2,"Total, all industries",3.050000,0.66267926,0.00800109,0.99199891,10484419,6947807,6892217,55590

Ontario,2019,12,Food,151.850000,4,"Total, all industries",3.100000,0.66267926,0.00800109,0.99199891,10484419,6947807,6892217,55590

Ontario,2019,24,All-items,135.779167,1,"Total, all industries",2.900000,0.66267926,0.00800109,0.99199891,10484419,6947807,6892217,55590

Ontario,2019,24,All-items,135.779167,2,"Total, all industries",3.050000,0.66267926,0.00800109,0.99199891,10484419,6947807,6892217,55590

Ontario,2019,24,All-items,135.779167,4,"Total, all industries",3.100000,0.66267926,0.00800109,0.99199891,10484419,6947807,6892217,55590

Ontario,2019,24,Food,149.195833,1,"Total, all industries",2.900000,0.66267926,0.00800109,0.99199891,10484419,6947807,6892217,55590

Ontario,2019,24,Food,149.195833,2,"Total, all industries",3.050000,0.66267926,0.00800109,0.99199891,10484419,6947807,6892217,55590

Ontario,2019,24,Food,149.195833,4,"Total, all industries",3.100000,0.66267926,0.00800109,0.99199891,10484419,6947807,6892217,55590

Ontario,2021,3,All-items,144.066667,1,"Total, all industries",5.300000,0.62002436,0.00784113,0.99215887,10492441,6505569,6454558,51011

Ontario,2021,3,All-items,144.066667,2,"Total, all industries",4.800000,0.62002436,0.00784113,0.99215887,10492441,6505569,6454558,51011

Ontario,2021,3,All-items,144.066667,4,"Total, all industries",4.075000,0.62002436,0.00784113,0.99215887,10492441,6505569,6454558,51011

Ontario,2021,3,Food,159.833333,1,"Total, all industries",5.300000,0.62002436,0.00784113,0.99215887,10492441,6505569,6454558,51011

Ontario,2021,3,Food,159.833333,2,"Total, all industries",4.800000,0.62002436,0.00784113,0.99215887,10492441,6505569,6454558,51011

Ontario,2021,3,Food,159.833333,4,"Total, all industries",4.075000,0.62002436,0.00784113,0.99215887,10492441,6505569,6454558,51011

Ontario,2021,6,All-items,143.283333,1,"Total, all industries",5.300000,0.62002436,0.00784113,0.99215887,10492441,6505569,6454558,51011

Ontario,2021,6,All-items,143.283333,2,"Total, all industries",4.800000,0.62002436,0.00784113,0.99215887,10492441,6505569,6454558,51011

Ontario,2021,6,All-items,143.283333,4,"Total, all industries",4.075000,0.62002436,0.00784113,0.99215887,10492441,6505569,6454558,51011

Ontario,2021,6,Food,158.816667,1,"Total, all industries",5.300000,0.62002436,0.00784113,0.99215887,10492441,6505569,6454558,51011

Ontario,2021,6,Food,158.816667,2,"Total, all industries",4.800000,0.62002436,0.00784113,0.99215887,10492441,6505569,6454558,51011

Ontario,2021,6,Food,158.816667,4,"Total, all industries",4.075000,0.62002436,0.00784113,0.99215887,10492441,6505569,6454558,51011

Ontario,2021,12,All-items,141.425000,1,"Total, all industries",5.300000,0.62002436,0.00784113,0.99215887,10492441,6505569,6454558,51011

Ontario,2021,12,All-items,141.425000,2,"Total, all industries",4.800000,0.62002436,0.00784113,0.99215887,10492441,6505569,6454558,51011

Ontario,2021,12,All-items,141.425000,4,"Total, all industries",4.075000,0.62002436,0.00784113,0.99215887,10492441,6505569,6454558,51011

Ontario,2021,12,Food,157.516667,1,"Total, all industries",5.300000,0.62002436,0.00784113,0.99215887,10492441,6505569,6454558,51011

Ontario,2021,12,Food,157.516667,2,"Total, all industries",4.800000,0.62002436,0.00784113,0.99215887,10492441,6505569,6454558,51011

Ontario,2021,12,Food,157.516667,4,"Total, all industries",4.075000,0.62002436,0.00784113,0.99215887,10492441,6505569,6454558,51011

Ontario,2021,24,All-items,139.758333,1,"Total, all industries",5.300000,0.62002436,0.00784113,0.99215887,10492441,6505569,6454558,51011

Ontario,2021,24,All-items,139.758333,2,"Total, all industries",4.800000,0.62002436,0.00784113,0.99215887,10492441,6505569,6454558,51011

Ontario,2021,24,All-items,139.758333,4,"Total, all industries",4.075000,0.62002436,0.00784113,0.99215887,10492441,6505569,6454558,51011

Ontario,2021,24,Food,156.216667,1,"Total, all industries",5.300000,0.62002436,0.00784113,0.99215887,10492441,6505569,6454558,51011

Ontario,2021,24,Food,156.216667,2,"Total, all industries",4.800000,0.62002436,0.00784113,0.99215887,10492441,6505569,6454558,51011

Ontario,2021,24,Food,156.216667,4,"Total, all industries",4.075000,0.62002436,0.00784113,0.99215887,10492441,6505569,6454558,51011

Prince Edward Island,2019,3,All-items,138.466667,1,"Total, all industries",2.700000,0.73990113,0.01236655,0.98763345,116721,86362,85294,1068

Prince Edward Island,2019,3,All-items,138.466667,2,"Total, all industries",3.050000,0.73990113,0.01236655,0.98763345,116721,86362,85294,1068

Prince Edward Island,2019,3,All-items,138.466667,4,"Total, all industries",3.125000,0.73990113,0.01236655,0.98763345,116721,86362,85294,1068

Prince Edward Island,2019,3,Food,154.566667,1,"Total, all industries",2.700000,0.73990113,0.01236655,0.98763345,116721,86362,85294,1068

Prince Edward Island,2019,3,Food,154.566667,2,"Total, all industries",3.050000,0.73990113,0.01236655,0.98763345,116721,86362,85294,1068

Prince Edward Island,2019,3,Food,154.566667,4,"Total, all industries",3.125000,0.73990113,0.01236655,0.98763345,116721,86362,85294,1068

Prince Edward Island,2019,6,All-items,138.516667,1,"Total, all industries",2.700000,0.73990113,0.01236655,0.98763345,116721,86362,85294,1068

Prince Edward Island,2019,6,All-items,138.516667,2,"Total, all industries",3.050000,0.73990113,0.01236655,0.98763345,116721,86362,85294,1068

Prince Edward Island,2019,6,All-items,138.516667,4,"Total, all industries",3.125000,0.73990113,0.01236655,0.98763345,116721,86362,85294,1068

Prince Edward Island,2019,6,Food,153.683333,1,"Total, all industries",2.700000,0.73990113,0.01236655,0.98763345,116721,86362,85294,1068

Prince Edward Island,2019,6,Food,153.683333,2,"Total, all industries",3.050000,0.73990113,0.01236655,0.98763345,116721,86362,85294,1068

Prince Edward Island,2019,6,Food,153.683333,4,"Total, all industries",3.125000,0.73990113,0.01236655,0.98763345,116721,86362,85294,1068

Prince Edward Island,2019,12,All-items,137.350000,1,"Total, all industries",2.700000,0.73990113,0.01236655,0.98763345,116721,86362,85294,1068

Prince Edward Island,2019,12,All-items,137.350000,2,"Total, all industries",3.050000,0.73990113,0.01236655,0.98763345,116721,86362,85294,1068

Prince Edward Island,2019,12,All-items,137.350000,4,"Total, all industries",3.125000,0.73990113,0.01236655,0.98763345,116721,86362,85294,1068

Prince Edward Island,2019,12,Food,151.850000,1,"Total, all industries",2.700000,0.73990113,0.01236655,0.98763345,116721,86362,85294,1068

Prince Edward Island,2019,12,Food,151.850000,2,"Total, all industries",3.050000,0.73990113,0.01236655,0.98763345,116721,86362,85294,1068

Prince Edward Island,2019,12,Food,151.850000,4,"Total, all industries",3.125000,0.73990113,0.01236655,0.98763345,116721,86362,85294,1068

Prince Edward Island,2019,24,All-items,136.675000,1,"Total, all industries",2.700000,0.73990113,0.01236655,0.98763345,116721,86362,85294,1068

Prince Edward Island,2019,24,All-items,136.675000,2,"Total, all industries",3.050000,0.73990113,0.01236655,0.98763345,116721,86362,85294,1068

Prince Edward Island,2019,24,All-items,136.675000,4,"Total, all industries",3.125000,0.73990113,0.01236655,0.98763345,116721,86362,85294,1068

Prince Edward Island,2019,24,Food,149.529167,1,"Total, all industries",2.700000,0.73990113,0.01236655,0.98763345,116721,86362,85294,1068

Prince Edward Island,2019,24,Food,149.529167,2,"Total, all industries",3.050000,0.73990113,0.01236655,0.98763345,116721,86362,85294,1068

Prince Edward Island,2019,24,Food,149.529167,4,"Total, all industries",3.125000,0.73990113,0.01236655,0.98763345,116721,86362,85294,1068

Prince Edward Island,2021,3,All-items,146.833333,1,"Total, all industries",4.600000,0.71683030,0.00955709,0.99044291,118964,85277,84462,815

Prince Edward Island,2021,3,All-items,146.833333,2,"Total, all industries",4.800000,0.71683030,0.00955709,0.99044291,118964,85277,84462,815

Prince Edward Island,2021,3,All-items,146.833333,4,"Total, all industries",3.825000,0.71683030,0.00955709,0.99044291,118964,85277,84462,815

Prince Edward Island,2021,3,Food,165.533333,1,"Total, all industries",4.600000,0.71683030,0.00955709,0.99044291,118964,85277,84462,815

Prince Edward Island,2021,3,Food,165.533333,2,"Total, all industries",4.800000,0.71683030,0.00955709,0.99044291,118964,85277,84462,815

Prince Edward Island,2021,3,Food,165.533333,4,"Total, all industries",3.825000,0.71683030,0.00955709,0.99044291,118964,85277,84462,815

Prince Edward Island,2021,6,All-items,145.450000,1,"Total, all industries",4.600000,0.71683030,0.00955709,0.99044291,118964,85277,84462,815

Prince Edward Island,2021,6,All-items,145.450000,2,"Total, all industries",4.800000,0.71683030,0.00955709,0.99044291,118964,85277,84462,815

Prince Edward Island,2021,6,All-items,145.450000,4,"Total, all industries",3.825000,0.71683030,0.00955709,0.99044291,118964,85277,84462,815

Prince Edward Island,2021,6,Food,164.050000,1,"Total, all industries",4.600000,0.71683030,0.00955709,0.99044291,118964,85277,84462,815

Prince Edward Island,2021,6,Food,164.050000,2,"Total, all industries",4.800000,0.71683030,0.00955709,0.99044291,118964,85277,84462,815

Prince Edward Island,2021,6,Food,164.050000,4,"Total, all industries",3.825000,0.71683030,0.00955709,0.99044291,118964,85277,84462,815

Prince Edward Island,2021,12,All-items,142.533333,1,"Total, all industries",4.600000,0.71683030,0.00955709,0.99044291,118964,85277,84462,815

Prince Edward Island,2021,12,All-items,142.533333,2,"Total, all industries",4.800000,0.71683030,0.00955709,0.99044291,118964,85277,84462,815

Prince Edward Island,2021,12,All-items,142.533333,4,"Total, all industries",3.825000,0.71683030,0.00955709,0.99044291,118964,85277,84462,815

Prince Edward Island,2021,12,Food,162.183333,1,"Total, all industries",4.600000,0.71683030,0.00955709,0.99044291,118964,85277,84462,815

Prince Edward Island,2021,12,Food,162.183333,2,"Total, all industries",4.800000,0.71683030,0.00955709,0.99044291,118964,85277,84462,815

Prince Edward Island,2021,12,Food,162.183333,4,"Total, all industries",3.825000,0.71683030,0.00955709,0.99044291,118964,85277,84462,815

Prince Edward Island,2021,24,All-items,140.245833,1,"Total, all industries",4.600000,0.71683030,0.00955709,0.99044291,118964,85277,84462,815

Prince Edward Island,2021,24,All-items,140.245833,2,"Total, all industries",4.800000,0.71683030,0.00955709,0.99044291,118964,85277,84462,815

Prince Edward Island,2021,24,All-items,140.245833,4,"Total, all industries",3.825000,0.71683030,0.00955709,0.99044291,118964,85277,84462,815

Prince Edward Island,2021,24,Food,160.066667,1,"Total, all industries",4.600000,0.71683030,0.00955709,0.99044291,118964,85277,84462,815

Prince Edward Island,2021,24,Food,160.066667,2,"Total, all industries",4.800000,0.71683030,0.00955709,0.99044291,118964,85277,84462,815

Prince Edward Island,2021,24,Food,160.066667,4,"Total, all industries",3.825000,0.71683030,0.00955709,0.99044291,118964,85277,84462,815

Quebec,2019,3,All-items,132.300000,1,"Total, all industries",3.300000,0.67254865,0.01736043,0.98263957,6482847,4360030,4284338,75692

Quebec,2019,3,All-items,132.300000,2,"Total, all industries",3.450000,0.67254865,0.01736043,0.98263957,6482847,4360030,4284338,75692

Quebec,2019,3,All-items,132.300000,4,"Total, all industries",3.450000,0.67254865,0.01736043,0.98263957,6482847,4360030,4284338,75692

Quebec,2019,3,Food,149.166667,1,"Total, all industries",3.300000,0.67254865,0.01736043,0.98263957,6482847,4360030,4284338,75692

Quebec,2019,3,Food,149.166667,2,"Total, all industries",3.450000,0.67254865,0.01736043,0.98263957,6482847,4360030,4284338,75692

Quebec,2019,3,Food,149.166667,4,"Total, all industries",3.450000,0.67254865,0.01736043,0.98263957,6482847,4360030,4284338,75692

Quebec,2019,6,All-items,132.316667,1,"Total, all industries",3.300000,0.67254865,0.01736043,0.98263957,6482847,4360030,4284338,75692

Quebec,2019,6,All-items,132.316667,2,"Total, all industries",3.450000,0.67254865,0.01736043,0.98263957,6482847,4360030,4284338,75692

Quebec,2019,6,All-items,132.316667,4,"Total, all industries",3.450000,0.67254865,0.01736043,0.98263957,6482847,4360030,4284338,75692

Quebec,2019,6,Food,149.516667,1,"Total, all industries",3.300000,0.67254865,0.01736043,0.98263957,6482847,4360030,4284338,75692

Quebec,2019,6,Food,149.516667,2,"Total, all industries",3.450000,0.67254865,0.01736043,0.98263957,6482847,4360030,4284338,75692

Quebec,2019,6,Food,149.516667,4,"Total, all industries",3.450000,0.67254865,0.01736043,0.98263957,6482847,4360030,4284338,75692

Quebec,2019,12,All-items,131.125000,1,"Total, all industries",3.300000,0.67254865,0.01736043,0.98263957,6482847,4360030,4284338,75692

Quebec,2019,12,All-items,131.125000,2,"Total, all industries",3.450000,0.67254865,0.01736043,0.98263957,6482847,4360030,4284338,75692

Quebec,2019,12,All-items,131.125000,4,"Total, all industries",3.450000,0.67254865,0.01736043,0.98263957,6482847,4360030,4284338,75692

Quebec,2019,12,Food,148.641667,1,"Total, all industries",3.300000,0.67254865,0.01736043,0.98263957,6482847,4360030,4284338,75692

Quebec,2019,12,Food,148.641667,2,"Total, all industries",3.450000,0.67254865,0.01736043,0.98263957,6482847,4360030,4284338,75692

Quebec,2019,12,Food,148.641667,4,"Total, all industries",3.450000,0.67254865,0.01736043,0.98263957,6482847,4360030,4284338,75692

Quebec,2019,24,All-items,129.970833,1,"Total, all industries",3.300000,0.67254865,0.01736043,0.98263957,6482847,4360030,4284338,75692

Quebec,2019,24,All-items,129.970833,2,"Total, all industries",3.450000,0.67254865,0.01736043,0.98263957,6482847,4360030,4284338,75692

Quebec,2019,24,All-items,129.970833,4,"Total, all industries",3.450000,0.67254865,0.01736043,0.98263957,6482847,4360030,4284338,75692

Quebec,2019,24,Food,146.670833,1,"Total, all industries",3.300000,0.67254865,0.01736043,0.98263957,6482847,4360030,4284338,75692

Quebec,2019,24,Food,146.670833,2,"Total, all industries",3.450000,0.67254865,0.01736043,0.98263957,6482847,4360030,4284338,75692

Quebec,2019,24,Food,146.670833,4,"Total, all industries",3.450000,0.67254865,0.01736043,0.98263957,6482847,4360030,4284338,75692

Quebec,2021,3,All-items,138.800000,1,"Total, all industries",6.100000,0.63489581,0.01912413,0.98087587,6508575,4132267,4053241,79026

Quebec,2021,3,All-items,138.800000,2,"Total, all industries",5.700000,0.63489581,0.01912413,0.98087587,6508575,4132267,4053241,79026

Quebec,2021,3,All-items,138.800000,4,"Total, all industries",4.925000,0.63489581,0.01912413,0.98087587,6508575,4132267,4053241,79026

Quebec,2021,3,Food,157.466667,1,"Total, all industries",6.100000,0.63489581,0.01912413,0.98087587,6508575,4132267,4053241,79026

Quebec,2021,3,Food,157.466667,2,"Total, all industries",5.700000,0.63489581,0.01912413,0.98087587,6508575,4132267,4053241,79026

Quebec,2021,3,Food,157.466667,4,"Total, all industries",4.925000,0.63489581,0.01912413,0.98087587,6508575,4132267,4053241,79026

Quebec,2021,6,All-items,137.933333,1,"Total, all industries",6.100000,0.63489581,0.01912413,0.98087587,6508575,4132267,4053241,79026

Quebec,2021,6,All-items,137.933333,2,"Total, all industries",5.700000,0.63489581,0.01912413,0.98087587,6508575,4132267,4053241,79026

Quebec,2021,6,All-items,137.933333,4,"Total, all industries",4.925000,0.63489581,0.01912413,0.98087587,6508575,4132267,4053241,79026

Quebec,2021,6,Food,156.566667,1,"Total, all industries",6.100000,0.63489581,0.01912413,0.98087587,6508575,4132267,4053241,79026

Quebec,2021,6,Food,156.566667,2,"Total, all industries",5.700000,0.63489581,0.01912413,0.98087587,6508575,4132267,4053241,79026

Quebec,2021,6,Food,156.566667,4,"Total, all industries",4.925000,0.63489581,0.01912413,0.98087587,6508575,4132267,4053241,79026

Quebec,2021,12,All-items,136.050000,1,"Total, all industries",6.100000,0.63489581,0.01912413,0.98087587,6508575,4132267,4053241,79026

Quebec,2021,12,All-items,136.050000,2,"Total, all industries",5.700000,0.63489581,0.01912413,0.98087587,6508575,4132267,4053241,79026

Quebec,2021,12,All-items,136.050000,4,"Total, all industries",4.925000,0.63489581,0.01912413,0.98087587,6508575,4132267,4053241,79026

Quebec,2021,12,Food,155.308333,1,"Total, all industries",6.100000,0.63489581,0.01912413,0.98087587,6508575,4132267,4053241,79026

Quebec,2021,12,Food,155.308333,2,"Total, all industries",5.700000,0.63489581,0.01912413,0.98087587,6508575,4132267,4053241,79026

Quebec,2021,12,Food,155.308333,4,"Total, all industries",4.925000,0.63489581,0.01912413,0.98087587,6508575,4132267,4053241,79026

Quebec,2021,24,All-items,134.287500,1,"Total, all industries",6.100000,0.63489581,0.01912413,0.98087587,6508575,4132267,4053241,79026

Quebec,2021,24,All-items,134.287500,2,"Total, all industries",5.700000,0.63489581,0.01912413,0.98087587,6508575,4132267,4053241,79026

Quebec,2021,24,All-items,134.287500,4,"Total, all industries",4.925000,0.63489581,0.01912413,0.98087587,6508575,4132267,4053241,79026

Quebec,2021,24,Food,153.895833,1,"Total, all industries",6.100000,0.63489581,0.01912413,0.98087587,6508575,4132267,4053241,79026

Quebec,2021,24,Food,153.895833,2,"Total, all industries",5.700000,0.63489581,0.01912413,0.98087587,6508575,4132267,4053241,79026

Quebec,2021,24,Food,153.895833,4,"Total, all industries",4.925000,0.63489581,0.01912413,0.98087587,6508575,4132267,4053241,79026

Saskatchewan,2019,3,All-items,140.266667,1,"Total, all industries",2.200000,0.72592527,0.00665944,0.99334056,807984,586536,582630,3906

Saskatchewan,2019,3,All-items,140.266667,2,"Total, all industries",2.250000,0.72592527,0.00665944,0.99334056,807984,586536,582630,3906

Saskatchewan,2019,3,All-items,140.266667,4,"Total, all industries",2.200000,0.72592527,0.00665944,0.99334056,807984,586536,582630,3906

Saskatchewan,2019,3,Food,152.500000,1,"Total, all industries",2.200000,0.72592527,0.00665944,0.99334056,807984,586536,582630,3906

Saskatchewan,2019,3,Food,152.500000,2,"Total, all industries",2.250000,0.72592527,0.00665944,0.99334056,807984,586536,582630,3906

Saskatchewan,2019,3,Food,152.500000,4,"Total, all industries",2.200000,0.72592527,0.00665944,0.99334056,807984,586536,582630,3906

Saskatchewan,2019,6,All-items,140.416667,1,"Total, all industries",2.200000,0.72592527,0.00665944,0.99334056,807984,586536,582630,3906

Saskatchewan,2019,6,All-items,140.416667,2,"Total, all industries",2.250000,0.72592527,0.00665944,0.99334056,807984,586536,582630,3906

Saskatchewan,2019,6,All-items,140.416667,4,"Total, all industries",2.200000,0.72592527,0.00665944,0.99334056,807984,586536,582630,3906

Saskatchewan,2019,6,Food,152.033333,1,"Total, all industries",2.200000,0.72592527,0.00665944,0.99334056,807984,586536,582630,3906

Saskatchewan,2019,6,Food,152.033333,2,"Total, all industries",2.250000,0.72592527,0.00665944,0.99334056,807984,586536,582630,3906

Saskatchewan,2019,6,Food,152.033333,4,"Total, all industries",2.200000,0.72592527,0.00665944,0.99334056,807984,586536,582630,3906

Saskatchewan,2019,12,All-items,139.458333,1,"Total, all industries",2.200000,0.72592527,0.00665944,0.99334056,807984,586536,582630,3906

Saskatchewan,2019,12,All-items,139.458333,2,"Total, all industries",2.250000,0.72592527,0.00665944,0.99334056,807984,586536,582630,3906

Saskatchewan,2019,12,All-items,139.458333,4,"Total, all industries",2.200000,0.72592527,0.00665944,0.99334056,807984,586536,582630,3906

Saskatchewan,2019,12,Food,151.050000,1,"Total, all industries",2.200000,0.72592527,0.00665944,0.99334056,807984,586536,582630,3906

Saskatchewan,2019,12,Food,151.050000,2,"Total, all industries",2.250000,0.72592527,0.00665944,0.99334056,807984,586536,582630,3906

Saskatchewan,2019,12,Food,151.050000,4,"Total, all industries",2.200000,0.72592527,0.00665944,0.99334056,807984,586536,582630,3906

Saskatchewan,2019,24,All-items,138.350000,1,"Total, all industries",2.200000,0.72592527,0.00665944,0.99334056,807984,586536,582630,3906

Saskatchewan,2019,24,All-items,138.350000,2,"Total, all industries",2.250000,0.72592527,0.00665944,0.99334056,807984,586536,582630,3906

Saskatchewan,2019,24,All-items,138.350000,4,"Total, all industries",2.200000,0.72592527,0.00665944,0.99334056,807984,586536,582630,3906

Saskatchewan,2019,24,Food,148.895833,1,"Total, all industries",2.200000,0.72592527,0.00665944,0.99334056,807984,586536,582630,3906

Saskatchewan,2019,24,Food,148.895833,2,"Total, all industries",2.250000,0.72592527,0.00665944,0.99334056,807984,586536,582630,3906

Saskatchewan,2019,24,Food,148.895833,4,"Total, all industries",2.200000,0.72592527,0.00665944,0.99334056,807984,586536,582630,3906

Saskatchewan,2021,3,All-items,145.000000,1,"Total, all industries",4.300000,0.64208000,0.00595283,0.99404717,808175,518913,515824,3089

Saskatchewan,2021,3,All-items,145.000000,2,"Total, all industries",4.000000,0.64208000,0.00595283,0.99404717,808175,518913,515824,3089

Saskatchewan,2021,3,All-items,145.000000,4,"Total, all industries",3.250000,0.64208000,0.00595283,0.99404717,808175,518913,515824,3089

Saskatchewan,2021,3,Food,159.600000,1,"Total, all industries",4.300000,0.64208000,0.00595283,0.99404717,808175,518913,515824,3089

Saskatchewan,2021,3,Food,159.600000,2,"Total, all industries",4.000000,0.64208000,0.00595283,0.99404717,808175,518913,515824,3089

Saskatchewan,2021,3,Food,159.600000,4,"Total, all industries",3.250000,0.64208000,0.00595283,0.99404717,808175,518913,515824,3089

Saskatchewan,2021,6,All-items,144.400000,1,"Total, all industries",4.300000,0.64208000,0.00595283,0.99404717,808175,518913,515824,3089

Saskatchewan,2021,6,All-items,144.400000,2,"Total, all industries",4.000000,0.64208000,0.00595283,0.99404717,808175,518913,515824,3089

Saskatchewan,2021,6,All-items,144.400000,4,"Total, all industries",3.250000,0.64208000,0.00595283,0.99404717,808175,518913,515824,3089

Saskatchewan,2021,6,Food,158.850000,1,"Total, all industries",4.300000,0.64208000,0.00595283,0.99404717,808175,518913,515824,3089

Saskatchewan,2021,6,Food,158.850000,2,"Total, all industries",4.000000,0.64208000,0.00595283,0.99404717,808175,518913,515824,3089

Saskatchewan,2021,6,Food,158.850000,4,"Total, all industries",3.250000,0.64208000,0.00595283,0.99404717,808175,518913,515824,3089

Saskatchewan,2021,12,All-items,143.175000,1,"Total, all industries",4.300000,0.64208000,0.00595283,0.99404717,808175,518913,515824,3089

Saskatchewan,2021,12,All-items,143.175000,2,"Total, all industries",4.000000,0.64208000,0.00595283,0.99404717,808175,518913,515824,3089

Saskatchewan,2021,12,All-items,143.175000,4,"Total, all industries",3.250000,0.64208000,0.00595283,0.99404717,808175,518913,515824,3089

Saskatchewan,2021,12,Food,157.425000,1,"Total, all industries",4.300000,0.64208000,0.00595283,0.99404717,808175,518913,515824,3089

Saskatchewan,2021,12,Food,157.425000,2,"Total, all industries",4.000000,0.64208000,0.00595283,0.99404717,808175,518913,515824,3089

Saskatchewan,2021,12,Food,157.425000,4,"Total, all industries",3.250000,0.64208000,0.00595283,0.99404717,808175,518913,515824,3089

Saskatchewan,2021,24,All-items,141.820833,1,"Total, all industries",4.300000,0.64208000,0.00595283,0.99404717,808175,518913,515824,3089

Saskatchewan,2021,24,All-items,141.820833,2,"Total, all industries",4.000000,0.64208000,0.00595283,0.99404717,808175,518913,515824,3089

Saskatchewan,2021,24,All-items,141.820833,4,"Total, all industries",3.250000,0.64208000,0.00595283,0.99404717,808175,518913,515824,3089

Saskatchewan,2021,24,Food,156.141667,1,"Total, all industries",4.300000,0.64208000,0.00595283,0.99404717,808175,518913,515824,3089

Saskatchewan,2021,24,Food,156.141667,2,"Total, all industries",4.000000,0.64208000,0.00595283,0.99404717,808175,518913,515824,3089

Saskatchewan,2021,24,Food,156.141667,4,"Total, all industries",3.250000,0.64208000,0.00595283,0.99404717,808175,518913,515824,3089

